{
  "product": [
    {
      "id": 2,
      "productName": "Casual wear",
      "categoryId": 2,
      "descriptions": "discription here",
      "price": 500,
      "is_available": "true",
      "productImg": "assets/s1.jpg",
      "rating": 4,
      "review": 150,
      "vendor_name": "zaid_shop",
      "warranty": 1
    },
    {
      "id": 3,
      "productName": "Formal wear",
      "categoryId": 1,
      "descriptions": "discription here",
      "price": 800,
      "is_available": "true",
      "productImg": "assets/s3.jpg",
      "rating": 5,
      "review": 150,
      "vendor_name": "abc_shop",
      "warranty": 1
    },
    {
      "id": 4,
      "productName": "Children wear",
      "categoryId": 4,
      "descriptions": "discription here",
      "price": 800,
      "is_available": "true",
      "productImg": "assets/s.jpg",
      "rating": 5,
      "review": 150,
      "vendor_name": "abc_shop",
      "warranty": 1
    },
    {
      "id": 5,
      "productName": "Xpanxion wear",
      "categoryId": 3,
      "descriptions": "discription here",
      "price": 785,
      "is_available": "true",
      "productImg": "assets/s2.jpg",
      "rating": 5,
      "review": 150,
      "vendor_name": "abc_shop",
      "warranty": 1
    },
    {
      "id": 6,
      "productName": "Daily wear",
      "categoryId": 4,
      "descriptions": "discription here",
      "price": 1200,
      "is_available": "true",
      "productImg": "assets/s.jpg",
      "rating": 5,
      "review": 150,
      "vendor_name": "abc_shop",
      "warranty": 1
    },
    {
      "id": 11,
      "categoryId": "2",
      "productName": "SummerWear",
      "descriptions": "asdad",
      "rating": "5",
      "price": "10000",
      "productImg": "",
      "isAvailable": 1,
      "color": "as",
      "reviews": "2"
    },
    {
      "categoryId": "3",
      "productName": "Trouser",
      "description": "ssasaas",
      "rating": "",
      "price": "50",
      "productImg": "",
      "isAvailable": 1,
      "color": "black",
      "id": 9
    }
  ],
  "categories": [
    {
      "id": 1,
      "categoryName": "Electronics"
    },
    {
      "id": 2,
      "categoryName": "Men"
    },
    {
      "id": 3,
      "categoryName": "Women"
    },
    {
      "id": 4,
      "categoryName": "Home & Furniture"
    },
    {
      "id": 5,
      "categoryName": "Baby & Kids"
    }
  ],
  "comments": [
    {
      "id": 1,
      "body": "some comment",
      "postId": 1
    },
    {
      "id": 2,
      "body": "some comment",
      "postId": 1
    }
  ],
  "profile": {
    "name": "typicode"
  }
}